"Region";"Country";"Item_Type";"Sales_Channel";"Order_Priority";"Order_Date";"Order_ID";"Ship_Date";"Units_Sold";"Unit_Price";"Unit_Cost"
"Sub-Saharan Africa";"South Africa";"Fruits";"Offline";"M";"7/27/2012";"443368995";"7/28/2012";"1593";"9.33";"6.92"
"Middle East and North Africa";"Morocco";"Clothes";"Online";"M";"9/14/2013";"667593514";"10/19/2013";"4611";"109.28";"35.84"
"Australia and Oceania";"Papua New Guinea";"Meat";"Offline";"M";"5/15/2015";"940995585";"6/4/2015";"360";"421.89";"364.69"
"Sub-Saharan Africa";"Djibouti";"Clothes";"Offline";"H";"5/17/2017";"880811536";"7/2/2017";"562";"109.28";"35.84"
"Europe";"Slovakia";"Beverages";"Offline";"L";"10/26/2016";"174590194";"12/4/2016";"3973";"47.45";"31.79"
"Asia";"Sri Lanka";"Fruits";"Online";"L";"11/7/2011";"830192887";"12/18/2011";"1379";"9.33";"6.92"
"Sub-Saharan Africa";"Seychelles ";"Beverages";"Online";"M";"1/18/2013";"425793445";"2/16/2013";"597";"47.45";"31.79"
"Sub-Saharan Africa";"Tanzania";"Beverages";"Online";"L";"11/30/2016";"659878194";"1/16/2017";"1476";"47.45";"31.79"
"Sub-Saharan Africa";"Ghana";"Office Supplies";"Online";"L";"3/23/2017";"601245963";"4/15/2017";"896";"651.21";"524.96"
"Sub-Saharan Africa";"Tanzania";"Cosmetics";"Offline";"L";"5/23/2016";"739008080";"5/24/2016";"7768";"437.2";"263.33"
"Asia";"Taiwan";"Fruits";"Offline";"M";"2/9/2014";"732588374";"2/23/2014";"8034";"9.33";"6.92"
"Middle East and North Africa";"Algeria";"Cosmetics";"Online";"M";"2/18/2011";"761723172";"2/24/2011";"9669";"437.2";"263.33"
"Asia";"Singapore";"Snacks";"Online";"C";"1/28/2013";"176461303";"2/7/2013";"7676";"152.58";"97.44"
"Australia and Oceania";"Papua New Guinea";"Clothes";"Offline";"L";"6/20/2011";"647164094";"7/14/2011";"9092";"109.28";"35.84"
"Asia";"Vietnam";"Personal Care";"Online";"M";"4/4/2010";"314505374";"5/6/2010";"7984";"81.73";"56.67"
"Sub-Saharan Africa";"Uganda";"Personal Care";"Online";"M";"6/19/2014";"539471471";"7/21/2014";"451";"81.73";"56.67"
"Sub-Saharan Africa";"Zimbabwe";"Office Supplies";"Offline";"C";"3/28/2011";"953361213";"4/8/2011";"9623";"651.21";"524.96"
"Sub-Saharan Africa";"Ethiopia";"Cosmetics";"Online";"M";"7/7/2011";"807785928";"7/25/2011";"662";"437.2";"263.33"
"Europe";"France";"Cosmetics";"Online";"M";"12/7/2015";"324669444";"1/18/2016";"5758";"437.2";"263.33"
"Central America and the Caribbean";"The Bahamas";"Personal Care";"Online";"C";"1/19/2011";"246248090";"2/21/2011";"9137";"81.73";"56.67"
"Central America and the Caribbean";"Haiti";"Office Supplies";"Online";"C";"12/31/2010";"485070693";"1/31/2011";"2052";"651.21";"524.96"
"Central America and the Caribbean";"Nicaragua";"Household";"Online";"C";"10/28/2015";"573998582";"12/7/2015";"7791";"668.27";"502.54"
"Asia";"Turkmenistan";"Vegetables";"Online";"M";"4/13/2015";"116205585";"6/2/2015";"6670";"154.06";"90.93"
"Europe";"United Kingdom";"Cosmetics";"Online";"L";"5/1/2015";"135178029";"5/16/2015";"1038";"437.2";"263.33"
"Central America and the Caribbean";"Dominican Republic";"Baby Food";"Offline";"H";"8/25/2011";"824714744";"9/24/2011";"274";"255.28";"159.42"
"Asia";"China";"Office Supplies";"Online";"M";"2/10/2016";"198927056";"3/29/2016";"5791";"651.21";"524.96"
"Sub-Saharan Africa";"Uganda";"Cosmetics";"Online";"M";"2/28/2015";"842238795";"3/15/2015";"6031";"437.2";"263.33"
"Middle East and North Africa";"Kuwait";"Household";"Offline";"C";"6/13/2011";"459386289";"7/21/2011";"1466";"668.27";"502.54"
"Middle East and North Africa";"United Arab Emirates";"Office Supplies";"Online";"M";"6/23/2012";"425418365";"7/6/2012";"9603";"651.21";"524.96"
"Europe";"Estonia";"Household";"Offline";"H";"9/1/2011";"835696351";"10/21/2011";"9976";"668.27";"502.54"
"Asia";"Malaysia";"Beverages";"Online";"M";"11/13/2014";"955894076";"12/28/2014";"9154";"47.45";"31.79"
"Australia and Oceania";"Vanuatu";"Fruits";"Online";"C";"11/3/2013";"571997869";"11/11/2013";"5735";"9.33";"6.92"
"Asia";"India";"Snacks";"Online";"L";"10/10/2012";"440306556";"11/20/2012";"5349";"152.58";"97.44"
"Australia and Oceania";"Samoa ";"Household";"Online";"L";"12/5/2016";"937431466";"12/8/2016";"5657";"668.27";"502.54"
"Asia";"Kazakhstan";"Snacks";"Online";"L";"9/8/2013";"710296428";"10/25/2013";"1352";"152.58";"97.44"
"Europe";"Czech Republic";"Cosmetics";"Online";"H";"3/22/2014";"726137769";"4/26/2014";"9157";"437.2";"263.33"
"Europe";"Belgium";"Personal Care";"Online";"H";"11/1/2011";"222504317";"11/20/2011";"2827";"81.73";"56.67"
"Europe";"Finland";"Household";"Offline";"H";"1/15/2016";"757257401";"1/31/2016";"8148";"668.27";"502.54"
"Middle East and North Africa";"Oman";"Cosmetics";"Online";"H";"11/29/2010";"358570849";"12/28/2010";"7937";"437.2";"263.33"
"Central America and the Caribbean";"Dominica";"Household";"Offline";"C";"11/19/2011";"274930989";"12/13/2011";"7044";"668.27";"502.54"
"Europe";"Serbia";"Clothes";"Offline";"L";"7/6/2016";"925136649";"7/13/2016";"7348";"109.28";"35.84"
"Sub-Saharan Africa";"Sao Tome and Principe";"Clothes";"Offline";"L";"11/11/2015";"548299157";"12/28/2015";"2760";"109.28";"35.84"
"Asia";"Brunei";"Cereal";"Offline";"L";"5/28/2013";"153842341";"7/16/2013";"4222";"205.7";"117.11"
"Middle East and North Africa";"Israel";"Beverages";"Offline";"H";"9/8/2013";"371502530";"10/13/2013";"4709";"47.45";"31.79"
"Australia and Oceania";"Solomon Islands";"Household";"Online";"M";"12/17/2010";"101328551";"12/28/2010";"4225";"668.27";"502.54"
"Sub-Saharan Africa";"Togo";"Cosmetics";"Online";"M";"9/8/2015";"563681733";"9/9/2015";"4806";"437.2";"263.33"
"Sub-Saharan Africa";"Mauritius ";"Clothes";"Offline";"M";"11/17/2012";"349235904";"12/2/2012";"5520";"109.28";"35.84"
"North America";"Canada";"Cosmetics";"Online";"H";"5/9/2011";"368977391";"6/2/2011";"7464";"437.2";"263.33"
"Middle East and North Africa";"Lebanon";"Meat";"Online";"L";"3/8/2017";"704205024";"4/18/2017";"8770";"421.89";"364.69"
